{
  "controller": "fixed",
  "dc_buses": [
    22,
    25
  ],
  "dq_total": 34.64858160937058,
  "max_dev": 0.06091926054738006,
  "mean_abs_q": 0.04121149842284916,
  "n_violations": 134,
  "seed": 1,
  "startup_max_dev": 0.08852731412632608,
  "v_max": 1.06091926054738,
  "v_min": 0.9395814097881966,
  "violation_frac": 0.0025848765432098767,
  "warmup": 180
}