{
  "controller": "fixed",
  "dc_buses": [
    22
  ],
  "dq_total": 13.17629943619715,
  "max_dev": 0.058677824111923016,
  "mean_abs_q": 0.01918720762331247,
  "n_violations": 86,
  "seed": 3,
  "startup_max_dev": 0.07506095761728404,
  "v_max": 1.058677824111923,
  "v_min": 0.9423650930747467,
  "violation_frac": 0.0016589506172839507,
  "warmup": 180
}