{
  "controller": "fixed",
  "dc_buses": [
    22,
    25
  ],
  "dq_total": 34.64996595288978,
  "max_dev": 0.0611183013142822,
  "mean_abs_q": 0.041510273821554707,
  "n_violations": 143,
  "seed": 4,
  "startup_max_dev": 0.08762648745916624,
  "v_max": 1.0611183013142822,
  "v_min": 0.9403389784799141,
  "violation_frac": 0.0027584876543209876,
  "warmup": 180
}