{
  "controller": "fixed",
  "dc_buses": [
    22
  ],
  "dq_total": 13.15773901485422,
  "max_dev": 0.05891097904471154,
  "mean_abs_q": 0.019146387750256205,
  "n_violations": 85,
  "seed": 4,
  "startup_max_dev": 0.07690900168214376,
  "v_max": 1.0589109790447115,
  "v_min": 0.94260168043072,
  "violation_frac": 0.0016396604938271604,
  "warmup": 180
}