{
  "controller": "fixed",
  "dc_buses": [
    22,
    25
  ],
  "dq_total": 34.61207786152407,
  "max_dev": 0.061029092222048664,
  "mean_abs_q": 0.041452221269584796,
  "n_violations": 144,
  "seed": 2,
  "startup_max_dev": 0.08712841440950247,
  "v_max": 1.0610290922220487,
  "v_min": 0.9399918894302002,
  "violation_frac": 0.002777777777777778,
  "warmup": 180
}