{
  "controller": "fixed",
  "dc_buses": [
    22,
    25
  ],
  "dq_total": 34.60655122873167,
  "max_dev": 0.06117424692032736,
  "mean_abs_q": 0.04135994815421378,
  "n_violations": 140,
  "seed": 3,
  "startup_max_dev": 0.08698555698640109,
  "v_max": 1.0611742469203274,
  "v_min": 0.9399615367135865,
  "violation_frac": 0.002700617283950617,
  "warmup": 180
}