{
  "controller": "fixed",
  "dc_buses": [
    22,
    25
  ],
  "dq_total": 34.66325270020239,
  "max_dev": 0.06113688093070202,
  "mean_abs_q": 0.041731644140573655,
  "n_violations": 145,
  "seed": 0,
  "startup_max_dev": 0.08709349621442686,
  "v_max": 1.061136880930702,
  "v_min": 0.940080533195859,
  "violation_frac": 0.0027970679012345677,
  "warmup": 180
}