{
  "fixed": {
    "dq_total": {
      "mean": 34.636085870543695,
      "n": 5,
      "std": 0.02251895367249364,
      "values": [
        34.66325270020239,
        34.64858160937058,
        34.61207786152407,
        34.60655122873167,
        34.64996595288978
      ]
    },
    "max_dev": {
      "mean": 0.06107555638694806,
      "n": 5,
      "std": 9.155867839171366e-05,
      "values": [
        0.06113688093070202,
        0.06091926054738006,
        0.061029092222048664,
        0.06117424692032736,
        0.0611183013142822
      ]
    },
    "mean_abs_q": {
      "mean": 0.04145311716175522,
      "n": 5,
      "std": 0.00017199130400619264,
      "values": [
        0.041731644140573655,
        0.04121149842284916,
        0.041452221269584796,
        0.04135994815421378,
        0.041510273821554707
      ]
    },
    "n_violations": {
      "mean": 141.2,
      "n": 5,
      "std": 3.9698866482558413,
      "values": [
        145.0,
        134.0,
        144.0,
        140.0,
        143.0
      ]
    },
    "startup_max_dev": {
      "mean": 0.08747225383916454,
      "n": 5,
      "std": 0.0005719260332003325,
      "values": [
        0.08709349621442686,
        0.08852731412632608,
        0.08712841440950247,
        0.08698555698640109,
        0.08762648745916624
      ]
    },
    "v_max": {
      "mean": 1.0610755563869483,
      "n": 5,
      "std": 9.155867839171366e-05,
      "values": [
        1.061136880930702,
        1.06091926054738,
        1.0610290922220487,
        1.0611742469203274,
        1.0611183013142822
      ]
    },
    "v_min": {
      "mean": 0.9399908695215512,
      "n": 5,
      "std": 0.00024402383017174984,
      "values": [
        0.940080533195859,
        0.9395814097881966,
        0.9399918894302002,
        0.9399615367135865,
        0.9403389784799141
      ]
    },
    "violation_frac": {
      "mean": 0.002723765432098765,
      "n": 5,
      "std": 7.657960355431788e-05,
      "values": [
        0.0027970679012345677,
        0.0025848765432098767,
        0.002777777777777778,
        0.002700617283950617,
        0.0027584876543209876
      ]
    }
  },
  "switching-adaptive": {
    "dq_total": {
      "mean": 8.206663540239862,
      "n": 5,
      "std": 0.9630844871941268,
      "values": [
        8.068851295806335,
        7.773931798365842,
        9.895254436814737,
        6.956606073839733,
        8.338674096372666
      ]
    },
    "max_dev": {
      "mean": 0.053846745212631573,
      "n": 5,
      "std": 0.0018304035092362601,
      "values": [
        0.05359346168620893,
        0.054631362945300244,
        0.05467683784897659,
        0.05047750875877999,
        0.05585455482389212
      ]
    },
    "mean_abs_q": {
      "mean": 0.05283801611718022,
      "n": 5,
      "std": 0.004398438787122245,
      "values": [
        0.048241752594031254,
        0.04877701529091761,
        0.059147173590777924,
        0.05113529342907425,
        0.05688884568110007
      ]
    },
    "n_violations": {
      "mean": 3.0,
      "n": 5,
      "std": 1.2649110640673518,
      "values": [
        3.0,
        3.0,
        3.0,
        1.0,
        5.0
      ]
    },
    "startup_max_dev": {
      "mean": 0.09061832806354589,
      "n": 5,
      "std": 0.0006970799516646567,
      "values": [
        0.09085944974503568,
        0.09043649768072881,
        0.0914897316923231,
        0.08939602632992494,
        0.09090993486971688
      ]
    },
    "v_max": {
      "mean": 1.0460414578544686,
      "n": 5,
      "std": 0.0012804153747655689,
      "values": [
        1.046707444394356,
        1.047890645099625,
        1.0464152002566696,
        1.0447011255718943,
        1.0444928739497976
      ]
    },
    "v_min": {
      "mean": 0.9461532547873684,
      "n": 5,
      "std": 0.0018304035092362601,
      "values": [
        0.9464065383137911,
        0.9453686370546998,
        0.9453231621510234,
        0.94952249124122,
        0.9441454451761079
      ]
    },
    "violation_frac": {
      "mean": 5.7870370370370366e-05,
      "n": 5,
      "std": 2.4400290587718974e-05,
      "values": [
        5.787037037037037e-05,
        5.787037037037037e-05,
        5.787037037037037e-05,
        1.9290123456790123e-05,
        9.645061728395061e-05
      ]
    }
  },
  "switching-oracle": {
    "dq_total": {
      "mean": 0.0,
      "n": 5,
      "std": 0.0,
      "values": [
        0.0,
        0.0,
        0.0,
        0.0,
        0.0
      ]
    },
    "max_dev": {
      "mean": 0.04410855954836916,
      "n": 5,
      "std": 0.0001266255731539251,
      "values": [
        0.0439764947224085,
        0.04420191848130228,
        0.04416005721501759,
        0.04426228759147233,
        0.04394203973164512
      ]
    },
    "mean_abs_q": {
      "mean": 0.028512749134964394,
      "n": 5,
      "std": 6.9294845595743e-05,
      "values": [
        0.028414289084647715,
        0.02862372978831473,
        0.028507942660755008,
        0.02847770765843518,
        0.02854007648266932
      ]
    },
    "n_violations": {
      "mean": 0.0,
      "n": 5,
      "std": 0.0,
      "values": [
        0.0,
        0.0,
        0.0,
        0.0,
        0.0
      ]
    },
    "startup_max_dev": {
      "mean": 0.08747225383916454,
      "n": 5,
      "std": 0.0005719260332003325,
      "values": [
        0.08709349621442686,
        0.08852731412632608,
        0.08712841440950247,
        0.08698555698640109,
        0.08762648745916624
      ]
    },
    "v_max": {
      "mean": 1.026671473041629,
      "n": 5,
      "std": 0.00012825513496662755,
      "values": [
        1.0267970365073569,
        1.0265849424772757,
        1.0266034484932653,
        1.02652173491803,
        1.0268502028122175
      ]
    },
    "v_min": {
      "mean": 0.9558914404516308,
      "n": 5,
      "std": 0.00012662557315392507,
      "values": [
        0.9560235052775915,
        0.9557980815186977,
        0.9558399427849824,
        0.9557377124085277,
        0.9560579602683549
      ]
    },
    "violation_frac": {
      "mean": 0.0,
      "n": 5,
      "std": 0.0,
      "values": [
        0.0,
        0.0,
        0.0,
        0.0,
        0.0
      ]
    }
  }
}