{
  "fixed": {
    "dq_total": {
      "mean": 13.158620929443464,
      "n": 5,
      "std": 0.011393411993192108,
      "values": [
        13.165314679939103,
        13.144133731945747,
        13.149617784281105,
        13.17629943619715,
        13.15773901485422
      ]
    },
    "max_dev": {
      "mean": 0.058740551719630704,
      "n": 5,
      "std": 0.0002119412697013767,
      "values": [
        0.058897124159133396,
        0.05835133543206683,
        0.05886549585031875,
        0.058677824111923016,
        0.05891097904471154
      ]
    },
    "mean_abs_q": {
      "mean": 0.019145927643899704,
      "n": 5,
      "std": 2.1668269286257545e-05,
      "values": [
        0.019138286286927642,
        0.019127542412373685,
        0.01913021414662852,
        0.01918720762331247,
        0.019146387750256205
      ]
    },
    "n_violations": {
      "mean": 87.0,
      "n": 5,
      "std": 2.280350850198276,
      "values": [
        91.0,
        88.0,
        85.0,
        86.0,
        85.0
      ]
    },
    "startup_max_dev": {
      "mean": 0.07592779185100962,
      "n": 5,
      "std": 0.0006415459725751907,
      "values": [
        0.07624924964657953,
        0.07597952433921606,
        0.07544022596982469,
        0.07506095761728404,
        0.07690900168214376
      ]
    },
    "v_max": {
      "mean": 1.0587405517196307,
      "n": 5,
      "std": 0.00021194126970137668,
      "values": [
        1.0588971241591334,
        1.0583513354320668,
        1.0588654958503187,
        1.058677824111923,
        1.0589109790447115
      ]
    },
    "v_min": {
      "mean": 0.9421836108598889,
      "n": 5,
      "std": 0.00025622169838789753,
      "values": [
        0.9419932531095734,
        0.9419959531583298,
        0.941962074526075,
        0.9423650930747467,
        0.94260168043072
      ]
    },
    "violation_frac": {
      "mean": 0.001678240740740741,
      "n": 5,
      "std": 4.3988249425121114e-05,
      "values": [
        0.0017554012345679013,
        0.0016975308641975309,
        0.0016396604938271604,
        0.0016589506172839507,
        0.0016396604938271604
      ]
    }
  },
  "switching-adaptive": {
    "dq_total": {
      "mean": 1.5336420546042724,
      "n": 5,
      "std": 0.009486270160685662,
      "values": [
        1.526213617136059,
        1.5514026282383802,
        1.5353525801416381,
        1.5262264137597987,
        1.5290150337454855
      ]
    },
    "max_dev": {
      "mean": 0.04390302628723031,
      "n": 5,
      "std": 0.0004240114037242603,
      "values": [
        0.043680947138531656,
        0.04468396211892989,
        0.04359844347561859,
        0.04353646280647738,
        0.04401531589659402
      ]
    },
    "mean_abs_q": {
      "mean": 0.034289415255361326,
      "n": 5,
      "std": 0.0002862490856098196,
      "values": [
        0.034169847352468384,
        0.034548983873298925,
        0.03465317483665822,
        0.03385204643749387,
        0.03422302377688725
      ]
    },
    "n_violations": {
      "mean": 0.0,
      "n": 5,
      "std": 0.0,
      "values": [
        0.0,
        0.0,
        0.0,
        0.0,
        0.0
      ]
    },
    "startup_max_dev": {
      "mean": 0.08745866273666211,
      "n": 5,
      "std": 0.0002676962301932789,
      "values": [
        0.0870218079355809,
        0.08785957698683444,
        0.08752624331501058,
        0.08741399549741358,
        0.0874716899484711
      ]
    },
    "v_max": {
      "mean": 1.0427805834611814,
      "n": 5,
      "std": 0.0005515523225208638,
      "values": [
        1.0429801382247,
        1.042309694354394,
        1.0422427658509246,
        1.0426182026741568,
        1.043752116201731
      ]
    },
    "v_min": {
      "mean": 0.9560969737127696,
      "n": 5,
      "std": 0.0004240114037242603,
      "values": [
        0.9563190528614683,
        0.9553160378810701,
        0.9564015565243814,
        0.9564635371935226,
        0.955984684103406
      ]
    },
    "violation_frac": {
      "mean": 0.0,
      "n": 5,
      "std": 0.0,
      "values": [
        0.0,
        0.0,
        0.0,
        0.0,
        0.0
      ]
    }
  },
  "switching-oracle": {
    "dq_total": {
      "mean": 0.0,
      "n": 5,
      "std": 0.0,
      "values": [
        0.0,
        0.0,
        0.0,
        0.0,
        0.0
      ]
    },
    "max_dev": {
      "mean": 0.0429308482986952,
      "n": 5,
      "std": 8.562625681244328e-05,
      "values": [
        0.042966934949269286,
        0.042871722435692816,
        0.04288208238987079,
        0.043082735909372394,
        0.04285076580927072
      ]
    },
    "mean_abs_q": {
      "mean": 0.014898826960542472,
      "n": 5,
      "std": 4.063267815885238e-05,
      "values": [
        0.014946538157835811,
        0.01493240357368712,
        0.014898534516707413,
        0.014830301477243443,
        0.014886357077238569
      ]
    },
    "n_violations": {
      "mean": 0.0,
      "n": 5,
      "std": 0.0,
      "values": [
        0.0,
        0.0,
        0.0,
        0.0,
        0.0
      ]
    },
    "startup_max_dev": {
      "mean": 0.07592779185100962,
      "n": 5,
      "std": 0.0006415459725751907,
      "values": [
        0.07624924964657953,
        0.07597952433921606,
        0.07544022596982469,
        0.07506095761728404,
        0.07690900168214376
      ]
    },
    "v_max": {
      "mean": 1.0256762371476773,
      "n": 5,
      "std": 8.418362987899559e-05,
      "values": [
        1.025641021448855,
        1.02573213332319,
        1.0257255293667522,
        1.0255268128736514,
        1.0257556887259376
      ]
    },
    "v_min": {
      "mean": 0.9570691517013048,
      "n": 5,
      "std": 8.562625681244328e-05,
      "values": [
        0.9570330650507307,
        0.9571282775643072,
        0.9571179176101292,
        0.9569172640906276,
        0.9571492341907293
      ]
    },
    "violation_frac": {
      "mean": 0.0,
      "n": 5,
      "std": 0.0,
      "values": [
        0.0,
        0.0,
        0.0,
        0.0,
        0.0
      ]
    }
  }
}