{
  "controller": "switching-adaptive",
  "dc_buses": [
    22
  ],
  "dq_total": 1.5353525801416381,
  "max_dev": 0.04359844347561859,
  "mean_abs_q": 0.03465317483665822,
  "n_violations": 0,
  "seed": 2,
  "startup_max_dev": 0.08752624331501058,
  "v_max": 1.0422427658509246,
  "v_min": 0.9564015565243814,
  "violation_frac": 0.0,
  "warmup": 180
}