{
  "controller": "switching-oracle",
  "dc_buses": [
    22
  ],
  "dq_total": 0.0,
  "max_dev": 0.04285076580927072,
  "mean_abs_q": 0.014886357077238569,
  "n_violations": 0,
  "seed": 4,
  "startup_max_dev": 0.07690900168214376,
  "v_max": 1.0257556887259376,
  "v_min": 0.9571492341907293,
  "violation_frac": 0.0,
  "warmup": 180
}