{
  "controller": "switching-oracle",
  "dc_buses": [
    22,
    25
  ],
  "dq_total": 0.0,
  "max_dev": 0.04394203973164512,
  "mean_abs_q": 0.02854007648266932,
  "n_violations": 0,
  "seed": 4,
  "startup_max_dev": 0.08762648745916624,
  "v_max": 1.0268502028122175,
  "v_min": 0.9560579602683549,
  "violation_frac": 0.0,
  "warmup": 180
}