{
  "controller": "switching-oracle",
  "dc_buses": [
    22,
    25
  ],
  "dq_total": 0.0,
  "max_dev": 0.04416005721501759,
  "mean_abs_q": 0.028507942660755008,
  "n_violations": 0,
  "seed": 2,
  "startup_max_dev": 0.08712841440950247,
  "v_max": 1.0266034484932653,
  "v_min": 0.9558399427849824,
  "violation_frac": 0.0,
  "warmup": 180
}