{
  "all_buses_inside_envelope": true,
  "argmax_env_bus": 11,
  "contraction": {
    "C": 48.82040675893238,
    "eps": 0.9994126117582546,
    "rho": 0.9994126117582546
  },
  "dbar_max": 0.0022244184392384114,
  "dc_buses": [
    22,
    25
  ],
  "empirical_err_at_bus22": 0.0015004169497616626,
  "empirical_max_err_overall": 0.001630765239687415,
  "env_at_bus22": 0.22499257665074637,
  "env_max": 1.127508838562916,
  "env_per_bus": [
    0.4256616479677974,
    0.6632993637719153,
    0.5810801640232743,
    0.4104860818994752,
    0.6922419444690081,
    0.1717941385840919,
    0.1317495163068325,
    0.1731935761557486,
    0.8893528689147709,
    1.127508838562916,
    0.5327719970489815,
    0.14603829795134715,
    0.18171426895739803,
    0.19698331631350033,
    0.14077012613810894,
    0.11824742184516707,
    0.09510889022012547,
    0.23244007055473428,
    0.4060615359932222,
    0.4893405473999163,
    0.22499257665074637,
    0.4380762773588524,
    0.4148244590848389,
    0.2663158892499738,
    0.8367036302012536,
    0.47954887689234815,
    0.16932612191008112,
    0.2768350085651603,
    0.26516288190329446,
    0.21203708271615723,
    0.23353854024522047,
    0.11870328328383742
  ],
  "envelope_utilization_max": 0.009490331598546294,
  "gain_condition": {
    "XK_eig_max": 1.4,
    "XK_eig_min": 0.0005873882417454138,
    "k": 0.3511812953501552,
    "satisfied": true
  },
  "neumann_terms": 38343,
  "scalar_theorem1_bound": 405.5222326742455
}