{
  "all_buses_inside_envelope": true,
  "argmax_env_bus": 21,
  "contraction": {
    "C": 48.82040675893238,
    "eps": 0.9994126117582546,
    "rho": 0.9994126117582546
  },
  "dbar_max": 0.0021553873452977244,
  "dc_buses": [
    22
  ],
  "empirical_err_at_bus22": 0.0016556957224068691,
  "empirical_max_err_overall": 0.0016556957224068691,
  "env_at_bus22": 0.2152381707205779,
  "env_max": 0.4668236460421065,
  "env_per_bus": [
    0.18827050991856042,
    0.0984536403143253,
    0.0801625238492186,
    0.05612988639777278,
    0.09424922958210609,
    0.023395968571968295,
    0.017941810830431306,
    0.023581405481878842,
    0.12105647860827487,
    0.153471498421899,
    0.07252253752648272,
    0.019883494028261933,
    0.024739025023666133,
    0.02681744388349682,
    0.019166378950191326,
    0.016101009637647788,
    0.012951810231276593,
    0.15204098061846166,
    0.38240247088845414,
    0.4668236460421065,
    0.2152381707205779,
    0.04150441592485527,
    0.022110525954093775,
    0.012488674786813453,
    0.11390191621233595,
    0.06528556808917416,
    0.02305783799292211,
    0.037691354202703566,
    0.036102852155893775,
    0.028873677124482675,
    0.0318009327724407,
    0.016171313505557346
  ],
  "envelope_utilization_max": 0.012637902105375373,
  "gain_condition": {
    "XK_eig_max": 1.4,
    "XK_eig_min": 0.0005873882417454138,
    "k": 0.3511812953501552,
    "satisfied": true
  },
  "neumann_terms": 38343,
  "scalar_theorem1_bound": 251.99603323848467
}