{
  "controller": "fixed",
  "dc_buses": [
    22
  ],
  "dq_total": 13.144133731945747,
  "max_dev": 0.05835133543206683,
  "mean_abs_q": 0.019127542412373685,
  "n_violations": 88,
  "seed": 1,
  "startup_max_dev": 0.07597952433921606,
  "v_max": 1.0583513354320668,
  "v_min": 0.9419959531583298,
  "violation_frac": 0.0016975308641975309,
  "warmup": 180
}