{
  "controller": "fixed",
  "dc_buses": [
    22
  ],
  "dq_total": 13.165314679939103,
  "max_dev": 0.058897124159133396,
  "mean_abs_q": 0.019138286286927642,
  "n_violations": 91,
  "seed": 0,
  "startup_max_dev": 0.07624924964657953,
  "v_max": 1.0588971241591334,
  "v_min": 0.9419932531095734,
  "violation_frac": 0.0017554012345679013,
  "warmup": 180
}