{
  "controller": "fixed",
  "dc_buses": [
    22
  ],
  "dq_total": 13.149617784281105,
  "max_dev": 0.05886549585031875,
  "mean_abs_q": 0.01913021414662852,
  "n_violations": 85,
  "seed": 2,
  "startup_max_dev": 0.07544022596982469,
  "v_max": 1.0588654958503187,
  "v_min": 0.941962074526075,
  "violation_frac": 0.0016396604938271604,
  "warmup": 180
}