{
  "fixed": {
    "dq_total": {
      "mean": 13.158620929443464,
      "n": 5,
      "std": 0.011393411993192108,
      "values": [
        13.165314679939103,
        13.144133731945747,
        13.149617784281105,
        13.17629943619715,
        13.15773901485422
      ]
    },
    "max_dev": {
      "mean": 0.058740551719630704,
      "n": 5,
      "std": 0.0002119412697013767,
      "values": [
        0.058897124159133396,
        0.05835133543206683,
        0.05886549585031875,
        0.058677824111923016,
        0.05891097904471154
      ]
    },
    "mean_abs_q": {
      "mean": 0.019145927643899704,
      "n": 5,
      "std": 2.1668269286257545e-05,
      "values": [
        0.019138286286927642,
        0.019127542412373685,
        0.01913021414662852,
        0.01918720762331247,
        0.019146387750256205
      ]
    },
    "n_violations": {
      "mean": 87.0,
      "n": 5,
      "std": 2.280350850198276,
      "values": [
        91.0,
        88.0,
        85.0,
        86.0,
        85.0
      ]
    },
    "startup_max_dev": {
      "mean": 0.07592779185100962,
      "n": 5,
      "std": 0.0006415459725751907,
      "values": [
        0.07624924964657953,
        0.07597952433921606,
        0.07544022596982469,
        0.07506095761728404,
        0.07690900168214376
      ]
    },
    "v_max": {
      "mean": 1.0587405517196307,
      "n": 5,
      "std": 0.00021194126970137668,
      "values": [
        1.0588971241591334,
        1.0583513354320668,
        1.0588654958503187,
        1.058677824111923,
        1.0589109790447115
      ]
    },
    "v_min": {
      "mean": 0.9421836108598889,
      "n": 5,
      "std": 0.00025622169838789753,
      "values": [
        0.9419932531095734,
        0.9419959531583298,
        0.941962074526075,
        0.9423650930747467,
        0.94260168043072
      ]
    },
    "violation_frac": {
      "mean": 0.001678240740740741,
      "n": 5,
      "std": 4.3988249425121114e-05,
      "values": [
        0.0017554012345679013,
        0.0016975308641975309,
        0.0016396604938271604,
        0.0016589506172839507,
        0.0016396604938271604
      ]
    }
  }
}